airline,source,source_airport,departure_time,departure_date,destination,destination_airport,arrival_time,arrival_date,duration,stops,price_inr,search_date
Air India,DEL,Indira Gandhi International Airport,2:10 PM,"Friday, October 2",BOM,Chhatrapati Shivaji Maharaj International Airport Mumbai,4:35 PM,"Friday, October 2",2 hr 25 min,Nonstop,6425,2026-10-02
IndiGo,DEL,Indira Gandhi International Airport,2:45 PM,"Friday, October 2",BOM,Chhatrapati Shivaji Maharaj International Airport Mumbai,5:00 PM,"Friday, October 2",2 hr 15 min,Nonstop,6474,2026-10-02
Akasa Air,DEL,Indira Gandhi International Airport,4:00 PM,"Friday, October 2",BOM,Chhatrapati Shivaji Maharaj International Airport Mumbai,6:20 PM,"Friday, October 2",2 hr 20 min,Nonstop,6880,2026-10-02
Air India,DEL,Indira Gandhi International Airport,5:00 AM,"Friday, October 2",BOM,Chhatrapati Shivaji Maharaj International Airport Mumbai,7:25 AM,"Friday, October 2",2 hr 25 min,Nonstop,6314,2026-10-02
Air India,DEL,Indira Gandhi International Airport,3:30 PM,"Friday, October 2",BOM,Chhatrapati Shivaji Maharaj International Airport Mumbai,5:55 PM,"Friday, October 2",2 hr 25 min,Nonstop,6425,2026-10-02
Air India,DEL,Indira Gandhi International Airport,5:00 PM,"Friday, October 2",BOM,Chhatrapati Shivaji Maharaj International Airport Mumbai,7:25 PM,"Friday, October 2",2 hr 25 min,Nonstop,6425,2026-10-02
Air India,DEL,Indira Gandhi International Airport,7:30 PM,"Friday, October 2",BOM,Chhatrapati Shivaji Maharaj International Airport Mumbai,9:55 PM,"Friday, October 2",2 hr 25 min,Nonstop,6425,2026-10-02
Air India,DEL,Indira Gandhi International Airport,8:00 PM,"Friday, October 2",BOM,Chhatrapati Shivaji Maharaj International Airport Mumbai,10:25 PM,"Friday, October 2",2 hr 25 min,Nonstop,6425,2026-10-02
Air India,DEL,Indira Gandhi International Airport,9:00 PM,"Friday, October 2",BOM,Chhatrapati Shivaji Maharaj International Airport Mumbai,11:20 PM,"Friday, October 2",2 hr 20 min,Nonstop,6425,2026-10-02
IndiGo,DEL,Indira Gandhi International Airport,3:00 AM,"Friday, October 2",BOM,Chhatrapati Shivaji Maharaj International Airport Mumbai,5:20 AM,"Friday, October 2",2 hr 20 min,Nonstop,6474,2026-10-02
IndiGo,DEL,Indira Gandhi International Airport,5:00 AM,"Friday, October 2",BOM,Chhatrapati Shivaji Maharaj International Airport Mumbai,7:15 AM,"Friday, October 2",2 hr 15 min,Nonstop,6474,2026-10-02
IndiGo,DEL,Indira Gandhi International Airport,2:00 PM,"Friday, October 2",BOM,Chhatrapati Shivaji Maharaj International Airport Mumbai,4:25 PM,"Friday, October 2",2 hr 25 min,Nonstop,6474,2026-10-02
IndiGo,DEL,Indira Gandhi International Airport,3:30 PM,"Friday, October 2",BOM,Chhatrapati Shivaji Maharaj International Airport Mumbai,5:45 PM,"Friday, October 2",2 hr 15 min,Nonstop,6474,2026-10-02
IndiGo,DEL,Indira Gandhi International Airport,4:15 PM,"Friday, October 2",BOM,Chhatrapati Shivaji Maharaj International Airport Mumbai,6:35 PM,"Friday, October 2",2 hr 20 min,Nonstop,6474,2026-10-02
IndiGo,DEL,Indira Gandhi International Airport,5:00 PM,"Friday, October 2",BOM,Chhatrapati Shivaji Maharaj International Airport Mumbai,7:15 PM,"Friday, October 2",2 hr 15 min,Nonstop,6474,2026-10-02
IndiGo,DEL,Indira Gandhi International Airport,6:00 PM,"Friday, October 2",BOM,Chhatrapati Shivaji Maharaj International Airport Mumbai,8:15 PM,"Friday, October 2",2 hr 15 min,Nonstop,6474,2026-10-02
IndiGo,DEL,Indira Gandhi International Airport,7:00 PM,"Friday, October 2",BOM,Chhatrapati Shivaji Maharaj International Airport Mumbai,9:25 PM,"Friday, October 2",2 hr 25 min,Nonstop,6474,2026-10-02
IndiGo,DEL,Indira Gandhi International Airport,8:00 PM,"Friday, October 2",BOM,Chhatrapati Shivaji Maharaj International Airport Mumbai,10:10 PM,"Friday, October 2",2 hr 10 min,Nonstop,6474,2026-10-02
IndiGo,DEL,Indira Gandhi International Airport,8:45 PM,"Friday, October 2",BOM,Chhatrapati Shivaji Maharaj International Airport Mumbai,11:00 PM,"Friday, October 2",2 hr 15 min,Nonstop,6474,2026-10-02
IndiGo,DEL,Indira Gandhi International Airport,9:45 PM,"Friday, October 2",BOM,Chhatrapati Shivaji Maharaj International Airport Mumbai,12:05 AM,"Saturday, October 3",2 hr 20 min,Nonstop,6474,2026-10-02
IndiGo,DEL,Indira Gandhi International Airport,10:45 PM,"Friday, October 2",BOM,Chhatrapati Shivaji Maharaj International Airport Mumbai,1:05 AM,"Saturday, October 3",2 hr 20 min,Nonstop,6474,2026-10-02
IndiGo,DEL,Indira Gandhi International Airport,11:30 PM,"Friday, October 2",BOM,Chhatrapati Shivaji Maharaj International Airport Mumbai,1:45 AM,"Saturday, October 3",2 hr 15 min,Nonstop,6474,2026-10-02
Air India,DEL,Indira Gandhi International Airport,11:00 PM,"Friday, October 2",BOM,Chhatrapati Shivaji Maharaj International Airport Mumbai,1:25 AM,"Saturday, October 3",2 hr 25 min,Nonstop,6566,2026-10-02
Air India,DEL,Indira Gandhi International Airport,4:00 PM,"Friday, October 2",BOM,Chhatrapati Shivaji Maharaj International Airport Mumbai,6:25 PM,"Friday, October 2",2 hr 25 min,Nonstop,6582,2026-10-02
Air India,DEL,Indira Gandhi International Airport,6:00 PM,"Friday, October 2",BOM,Chhatrapati Shivaji Maharaj International Airport Mumbai,8:25 PM,"Friday, October 2",2 hr 25 min,Nonstop,6582,2026-10-02
Air India,DEL,Indira Gandhi International Airport,7:00 PM,"Friday, October 2",BOM,Chhatrapati Shivaji Maharaj International Airport Mumbai,9:25 PM,"Friday, October 2",2 hr 25 min,Nonstop,6582,2026-10-02
Air India,DEL,Indira Gandhi International Airport,9:30 PM,"Friday, October 2",BOM,Chhatrapati Shivaji Maharaj International Airport Mumbai,11:55 PM,"Friday, October 2",2 hr 25 min,Nonstop,6582,2026-10-02
Air India Express,DEL,Indira Gandhi International Airport,5:50 PM,"Friday, October 2",BOM,Chhatrapati Shivaji Maharaj International Airport Mumbai,8:10 PM,"Friday, October 2",2 hr 20 min,Nonstop,6610,2026-10-02
Air India Express,DEL,Indira Gandhi International Airport,11:25 PM,"Friday, October 2",BOM,Chhatrapati Shivaji Maharaj International Airport Mumbai,1:50 AM,"Saturday, October 3",2 hr 25 min,Nonstop,6610,2026-10-02
SpiceJet,DEL,Indira Gandhi International Airport,7:55 PM,"Friday, October 2",BOM,Chhatrapati Shivaji Maharaj International Airport Mumbai,10:40 PM,"Friday, October 2",2 hr 45 min,Nonstop,6697,2026-10-02
SpiceJet,DEL,Indira Gandhi International Airport,10:30 PM,"Friday, October 2",BOM,Chhatrapati Shivaji Maharaj International Airport Mumbai,1:10 AM,"Saturday, October 3",2 hr 40 min,Nonstop,6697,2026-10-02
Akasa Air,DEL,Indira Gandhi International Airport,5:30 PM,"Friday, October 2",BOM,Chhatrapati Shivaji Maharaj International Airport Mumbai,7:50 PM,"Friday, October 2",2 hr 20 min,Nonstop,6880,2026-10-02
Akasa Air,DEL,Indira Gandhi International Airport,7:55 PM,"Friday, October 2",BOM,Chhatrapati Shivaji Maharaj International Airport Mumbai,10:20 PM,"Friday, October 2",2 hr 25 min,Nonstop,6880,2026-10-02
Air India,DEL,Indira Gandhi International Airport,6:30 AM,"Friday, October 2",BOM,Chhatrapati Shivaji Maharaj International Airport Mumbai,8:50 AM,"Friday, October 2",2 hr 20 min,Nonstop,7055,2026-10-02
IndiGo,DEL,Indira Gandhi International Airport,6:05 AM,"Friday, October 2",BOM,Chhatrapati Shivaji Maharaj International Airport Mumbai,8:20 AM,"Friday, October 2",2 hr 15 min,Nonstop,7104,2026-10-02
Air India,DEL,Indira Gandhi International Airport,8:30 AM,"Friday, October 2",BOM,Chhatrapati Shivaji Maharaj International Airport Mumbai,10:45 AM,"Friday, October 2",2 hr 15 min,Nonstop,7370,2026-10-02
Air India,DEL,Indira Gandhi International Airport,12:00 PM,"Friday, October 2",BOM,Chhatrapati Shivaji Maharaj International Airport Mumbai,2:25 PM,"Friday, October 2",2 hr 25 min,Nonstop,7370,2026-10-02
Air India,DEL,Indira Gandhi International Airport,1:30 PM,"Friday, October 2",BOM,Chhatrapati Shivaji Maharaj International Airport Mumbai,3:50 PM,"Friday, October 2",2 hr 20 min,Nonstop,7370,2026-10-02
IndiGo,DEL,Indira Gandhi International Airport,12:00 PM,"Friday, October 2",BOM,Chhatrapati Shivaji Maharaj International Airport Mumbai,2:15 PM,"Friday, October 2",2 hr 15 min,Nonstop,7419,2026-10-02
IndiGo,DEL,Indira Gandhi International Airport,1:00 PM,"Friday, October 2",BOM,Chhatrapati Shivaji Maharaj International Airport Mumbai,3:10 PM,"Friday, October 2",2 hr 10 min,Nonstop,7419,2026-10-02
Akasa Air,DEL,Indira Gandhi International Airport,6:50 AM,"Friday, October 2",BOM,Chhatrapati Shivaji Maharaj International Airport Mumbai,9:10 AM,"Friday, October 2",2 hr 20 min,Nonstop,7583,2026-10-02
Air India,DEL,Indira Gandhi International Airport,7:00 AM,"Friday, October 2",BOM,Chhatrapati Shivaji Maharaj International Airport Mumbai,9:25 AM,"Friday, October 2",2 hr 25 min,Nonstop,7685,2026-10-02
Air India,DEL,Indira Gandhi International Airport,7:30 AM,"Friday, October 2",BOM,Chhatrapati Shivaji Maharaj International Airport Mumbai,9:55 AM,"Friday, October 2",2 hr 25 min,Nonstop,7685,2026-10-02
Air India,DEL,Indira Gandhi International Airport,9:30 AM,"Friday, October 2",BOM,Chhatrapati Shivaji Maharaj International Airport Mumbai,12:00 PM,"Friday, October 2",2 hr 30 min,Nonstop,7685,2026-10-02
Air India,DEL,Indira Gandhi International Airport,11:00 AM,"Friday, October 2",BOM,Chhatrapati Shivaji Maharaj International Airport Mumbai,1:25 PM,"Friday, October 2",2 hr 25 min,Nonstop,7685,2026-10-02
IndiGo,DEL,Indira Gandhi International Airport,8:45 AM,"Friday, October 2",BOM,Chhatrapati Shivaji Maharaj International Airport Mumbai,11:00 AM,"Friday, October 2",2 hr 15 min,Nonstop,7734,2026-10-02
IndiGo,DEL,Indira Gandhi International Airport,11:00 AM,"Friday, October 2",BOM,Chhatrapati Shivaji Maharaj International Airport Mumbai,1:15 PM,"Friday, October 2",2 hr 15 min,Nonstop,7734,2026-10-02
Air India,DEL,Indira Gandhi International Airport,10:00 AM,"Friday, October 2",BOM,Chhatrapati Shivaji Maharaj International Airport Mumbai,12:25 PM,"Friday, October 2",2 hr 25 min,Nonstop,8052,2026-10-02
Air India,DEL,Indira Gandhi International Airport,10:30 AM,"Friday, October 2",BOM,Chhatrapati Shivaji Maharaj International Airport Mumbai,12:50 PM,"Friday, October 2",2 hr 20 min,Nonstop,8052,2026-10-02
IndiGo,DEL,Indira Gandhi International Airport,7:15 AM,"Friday, October 2",BOM,Chhatrapati Shivaji Maharaj International Airport Mumbai,9:30 AM,"Friday, October 2",2 hr 15 min,Nonstop,8102,2026-10-02
IndiGo,DEL,Indira Gandhi International Airport,8:00 AM,"Friday, October 2",BOM,Chhatrapati Shivaji Maharaj International Airport Mumbai,10:20 AM,"Friday, October 2",2 hr 20 min,Nonstop,8102,2026-10-02
IndiGo,DEL,Indira Gandhi International Airport,9:30 AM,"Friday, October 2",BOM,Chhatrapati Shivaji Maharaj International Airport Mumbai,11:55 AM,"Friday, October 2",2 hr 25 min,Nonstop,8102,2026-10-02
IndiGo,DEL,Indira Gandhi International Airport,10:15 AM,"Friday, October 2",BOM,Chhatrapati Shivaji Maharaj International Airport Mumbai,12:35 PM,"Friday, October 2",2 hr 20 min,Nonstop,8102,2026-10-02
Akasa Air,DEL,Indira Gandhi International Airport,10:00 AM,"Friday, October 2",BOM,Chhatrapati Shivaji Maharaj International Airport Mumbai,12:20 PM,"Friday, October 2",2 hr 20 min,Nonstop,8419,2026-10-02
Akasa Air,DEL,Indira Gandhi International Airport,8:40 AM,"Friday, October 2",BOM,Chhatrapati Shivaji Maharaj International Airport Mumbai,11:05 AM,"Friday, October 2",2 hr 25 min,Nonstop,8877,2026-10-02
Air India,DEL,Indira Gandhi International Airport,2:10 PM,"Friday, October 2",BOM,Chhatrapati Shivaji Maharaj International Airport Mumbai,4:35 PM,"Friday, October 2",2 hr 25 min,Nonstop,6425,2026-10-02
IndiGo,DEL,Indira Gandhi International Airport,2:45 PM,"Friday, October 2",BOM,Chhatrapati Shivaji Maharaj International Airport Mumbai,5:00 PM,"Friday, October 2",2 hr 15 min,Nonstop,6474,2026-10-02
Akasa Air,DEL,Indira Gandhi International Airport,4:00 PM,"Friday, October 2",BOM,Chhatrapati Shivaji Maharaj International Airport Mumbai,6:20 PM,"Friday, October 2",2 hr 20 min,Nonstop,6880,2026-10-02
Air India,DEL,Indira Gandhi International Airport,5:00 AM,"Friday, October 2",BOM,Chhatrapati Shivaji Maharaj International Airport Mumbai,7:25 AM,"Friday, October 2",2 hr 25 min,Nonstop,6314,2026-10-02
Air India,DEL,Indira Gandhi International Airport,3:30 PM,"Friday, October 2",BOM,Chhatrapati Shivaji Maharaj International Airport Mumbai,5:55 PM,"Friday, October 2",2 hr 25 min,Nonstop,6425,2026-10-02
Air India,DEL,Indira Gandhi International Airport,5:00 PM,"Friday, October 2",BOM,Chhatrapati Shivaji Maharaj International Airport Mumbai,7:25 PM,"Friday, October 2",2 hr 25 min,Nonstop,6425,2026-10-02
Air India,DEL,Indira Gandhi International Airport,7:30 PM,"Friday, October 2",BOM,Chhatrapati Shivaji Maharaj International Airport Mumbai,9:55 PM,"Friday, October 2",2 hr 25 min,Nonstop,6425,2026-10-02
Air India,DEL,Indira Gandhi International Airport,8:00 PM,"Friday, October 2",BOM,Chhatrapati Shivaji Maharaj International Airport Mumbai,10:25 PM,"Friday, October 2",2 hr 25 min,Nonstop,6425,2026-10-02
Air India,DEL,Indira Gandhi International Airport,9:00 PM,"Friday, October 2",BOM,Chhatrapati Shivaji Maharaj International Airport Mumbai,11:20 PM,"Friday, October 2",2 hr 20 min,Nonstop,6425,2026-10-02
IndiGo,DEL,Indira Gandhi International Airport,3:00 AM,"Friday, October 2",BOM,Chhatrapati Shivaji Maharaj International Airport Mumbai,5:20 AM,"Friday, October 2",2 hr 20 min,Nonstop,6474,2026-10-02
IndiGo,DEL,Indira Gandhi International Airport,5:00 AM,"Friday, October 2",BOM,Chhatrapati Shivaji Maharaj International Airport Mumbai,7:15 AM,"Friday, October 2",2 hr 15 min,Nonstop,6474,2026-10-02
IndiGo,DEL,Indira Gandhi International Airport,2:00 PM,"Friday, October 2",BOM,Chhatrapati Shivaji Maharaj International Airport Mumbai,4:25 PM,"Friday, October 2",2 hr 25 min,Nonstop,6474,2026-10-02
IndiGo,DEL,Indira Gandhi International Airport,3:30 PM,"Friday, October 2",BOM,Chhatrapati Shivaji Maharaj International Airport Mumbai,5:45 PM,"Friday, October 2",2 hr 15 min,Nonstop,6474,2026-10-02
IndiGo,DEL,Indira Gandhi International Airport,4:15 PM,"Friday, October 2",BOM,Chhatrapati Shivaji Maharaj International Airport Mumbai,6:35 PM,"Friday, October 2",2 hr 20 min,Nonstop,6474,2026-10-02
IndiGo,DEL,Indira Gandhi International Airport,5:00 PM,"Friday, October 2",BOM,Chhatrapati Shivaji Maharaj International Airport Mumbai,7:15 PM,"Friday, October 2",2 hr 15 min,Nonstop,6474,2026-10-02
IndiGo,DEL,Indira Gandhi International Airport,6:00 PM,"Friday, October 2",BOM,Chhatrapati Shivaji Maharaj International Airport Mumbai,8:15 PM,"Friday, October 2",2 hr 15 min,Nonstop,6474,2026-10-02
IndiGo,DEL,Indira Gandhi International Airport,7:00 PM,"Friday, October 2",BOM,Chhatrapati Shivaji Maharaj International Airport Mumbai,9:25 PM,"Friday, October 2",2 hr 25 min,Nonstop,6474,2026-10-02
IndiGo,DEL,Indira Gandhi International Airport,8:00 PM,"Friday, October 2",BOM,Chhatrapati Shivaji Maharaj International Airport Mumbai,10:10 PM,"Friday, October 2",2 hr 10 min,Nonstop,6474,2026-10-02
IndiGo,DEL,Indira Gandhi International Airport,8:45 PM,"Friday, October 2",BOM,Chhatrapati Shivaji Maharaj International Airport Mumbai,11:00 PM,"Friday, October 2",2 hr 15 min,Nonstop,6474,2026-10-02
IndiGo,DEL,Indira Gandhi International Airport,9:45 PM,"Friday, October 2",BOM,Chhatrapati Shivaji Maharaj International Airport Mumbai,12:05 AM,"Saturday, October 3",2 hr 20 min,Nonstop,6474,2026-10-02
IndiGo,DEL,Indira Gandhi International Airport,10:45 PM,"Friday, October 2",BOM,Chhatrapati Shivaji Maharaj International Airport Mumbai,1:05 AM,"Saturday, October 3",2 hr 20 min,Nonstop,6474,2026-10-02
IndiGo,DEL,Indira Gandhi International Airport,11:30 PM,"Friday, October 2",BOM,Chhatrapati Shivaji Maharaj International Airport Mumbai,1:45 AM,"Saturday, October 3",2 hr 15 min,Nonstop,6474,2026-10-02
Air India,DEL,Indira Gandhi International Airport,11:00 PM,"Friday, October 2",BOM,Chhatrapati Shivaji Maharaj International Airport Mumbai,1:25 AM,"Saturday, October 3",2 hr 25 min,Nonstop,6566,2026-10-02
Air India,DEL,Indira Gandhi International Airport,4:00 PM,"Friday, October 2",BOM,Chhatrapati Shivaji Maharaj International Airport Mumbai,6:25 PM,"Friday, October 2",2 hr 25 min,Nonstop,6582,2026-10-02
Air India,DEL,Indira Gandhi International Airport,6:00 PM,"Friday, October 2",BOM,Chhatrapati Shivaji Maharaj International Airport Mumbai,8:25 PM,"Friday, October 2",2 hr 25 min,Nonstop,6582,2026-10-02
Air India,DEL,Indira Gandhi International Airport,7:00 PM,"Friday, October 2",BOM,Chhatrapati Shivaji Maharaj International Airport Mumbai,9:25 PM,"Friday, October 2",2 hr 25 min,Nonstop,6582,2026-10-02
Air India,DEL,Indira Gandhi International Airport,9:30 PM,"Friday, October 2",BOM,Chhatrapati Shivaji Maharaj International Airport Mumbai,11:55 PM,"Friday, October 2",2 hr 25 min,Nonstop,6582,2026-10-02
Air India Express,DEL,Indira Gandhi International Airport,5:50 PM,"Friday, October 2",BOM,Chhatrapati Shivaji Maharaj International Airport Mumbai,8:10 PM,"Friday, October 2",2 hr 20 min,Nonstop,6610,2026-10-02
Air India Express,DEL,Indira Gandhi International Airport,11:25 PM,"Friday, October 2",BOM,Chhatrapati Shivaji Maharaj International Airport Mumbai,1:50 AM,"Saturday, October 3",2 hr 25 min,Nonstop,6610,2026-10-02
SpiceJet,DEL,Indira Gandhi International Airport,7:55 PM,"Friday, October 2",BOM,Chhatrapati Shivaji Maharaj International Airport Mumbai,10:40 PM,"Friday, October 2",2 hr 45 min,Nonstop,6697,2026-10-02
SpiceJet,DEL,Indira Gandhi International Airport,10:30 PM,"Friday, October 2",BOM,Chhatrapati Shivaji Maharaj International Airport Mumbai,1:10 AM,"Saturday, October 3",2 hr 40 min,Nonstop,6697,2026-10-02
Akasa Air,DEL,Indira Gandhi International Airport,5:30 PM,"Friday, October 2",BOM,Chhatrapati Shivaji Maharaj International Airport Mumbai,7:50 PM,"Friday, October 2",2 hr 20 min,Nonstop,6880,2026-10-02
Akasa Air,DEL,Indira Gandhi International Airport,7:55 PM,"Friday, October 2",BOM,Chhatrapati Shivaji Maharaj International Airport Mumbai,10:20 PM,"Friday, October 2",2 hr 25 min,Nonstop,6880,2026-10-02
Air India,DEL,Indira Gandhi International Airport,6:30 AM,"Friday, October 2",BOM,Chhatrapati Shivaji Maharaj International Airport Mumbai,8:50 AM,"Friday, October 2",2 hr 20 min,Nonstop,7055,2026-10-02
IndiGo,DEL,Indira Gandhi International Airport,6:05 AM,"Friday, October 2",BOM,Chhatrapati Shivaji Maharaj International Airport Mumbai,8:20 AM,"Friday, October 2",2 hr 15 min,Nonstop,7104,2026-10-02
Air India,DEL,Indira Gandhi International Airport,8:30 AM,"Friday, October 2",BOM,Chhatrapati Shivaji Maharaj International Airport Mumbai,10:45 AM,"Friday, October 2",2 hr 15 min,Nonstop,7370,2026-10-02
Air India,DEL,Indira Gandhi International Airport,12:00 PM,"Friday, October 2",BOM,Chhatrapati Shivaji Maharaj International Airport Mumbai,2:25 PM,"Friday, October 2",2 hr 25 min,Nonstop,7370,2026-10-02
Air India,DEL,Indira Gandhi International Airport,1:30 PM,"Friday, October 2",BOM,Chhatrapati Shivaji Maharaj International Airport Mumbai,3:50 PM,"Friday, October 2",2 hr 20 min,Nonstop,7370,2026-10-02
IndiGo,DEL,Indira Gandhi International Airport,12:00 PM,"Friday, October 2",BOM,Chhatrapati Shivaji Maharaj International Airport Mumbai,2:15 PM,"Friday, October 2",2 hr 15 min,Nonstop,7419,2026-10-02
IndiGo,DEL,Indira Gandhi International Airport,1:00 PM,"Friday, October 2",BOM,Chhatrapati Shivaji Maharaj International Airport Mumbai,3:10 PM,"Friday, October 2",2 hr 10 min,Nonstop,7419,2026-10-02
Akasa Air,DEL,Indira Gandhi International Airport,6:50 AM,"Friday, October 2",BOM,Chhatrapati Shivaji Maharaj International Airport Mumbai,9:10 AM,"Friday, October 2",2 hr 20 min,Nonstop,7583,2026-10-02
Air India,DEL,Indira Gandhi International Airport,7:00 AM,"Friday, October 2",BOM,Chhatrapati Shivaji Maharaj International Airport Mumbai,9:25 AM,"Friday, October 2",2 hr 25 min,Nonstop,7685,2026-10-02
Air India,DEL,Indira Gandhi International Airport,7:30 AM,"Friday, October 2",BOM,Chhatrapati Shivaji Maharaj International Airport Mumbai,9:55 AM,"Friday, October 2",2 hr 25 min,Nonstop,7685,2026-10-02
Air India,DEL,Indira Gandhi International Airport,9:30 AM,"Friday, October 2",BOM,Chhatrapati Shivaji Maharaj International Airport Mumbai,12:00 PM,"Friday, October 2",2 hr 30 min,Nonstop,7685,2026-10-02
Air India,DEL,Indira Gandhi International Airport,11:00 AM,"Friday, October 2",BOM,Chhatrapati Shivaji Maharaj International Airport Mumbai,1:25 PM,"Friday, October 2",2 hr 25 min,Nonstop,7685,2026-10-02
IndiGo,DEL,Indira Gandhi International Airport,8:45 AM,"Friday, October 2",BOM,Chhatrapati Shivaji Maharaj International Airport Mumbai,11:00 AM,"Friday, October 2",2 hr 15 min,Nonstop,7734,2026-10-02
IndiGo,DEL,Indira Gandhi International Airport,11:00 AM,"Friday, October 2",BOM,Chhatrapati Shivaji Maharaj International Airport Mumbai,1:15 PM,"Friday, October 2",2 hr 15 min,Nonstop,7734,2026-10-02
Air India,DEL,Indira Gandhi International Airport,10:00 AM,"Friday, October 2",BOM,Chhatrapati Shivaji Maharaj International Airport Mumbai,12:25 PM,"Friday, October 2",2 hr 25 min,Nonstop,8052,2026-10-02
Air India,DEL,Indira Gandhi International Airport,10:30 AM,"Friday, October 2",BOM,Chhatrapati Shivaji Maharaj International Airport Mumbai,12:50 PM,"Friday, October 2",2 hr 20 min,Nonstop,8052,2026-10-02
IndiGo,DEL,Indira Gandhi International Airport,7:15 AM,"Friday, October 2",BOM,Chhatrapati Shivaji Maharaj International Airport Mumbai,9:30 AM,"Friday, October 2",2 hr 15 min,Nonstop,8102,2026-10-02
IndiGo,DEL,Indira Gandhi International Airport,8:00 AM,"Friday, October 2",BOM,Chhatrapati Shivaji Maharaj International Airport Mumbai,10:20 AM,"Friday, October 2",2 hr 20 min,Nonstop,8102,2026-10-02
IndiGo,DEL,Indira Gandhi International Airport,9:30 AM,"Friday, October 2",BOM,Chhatrapati Shivaji Maharaj International Airport Mumbai,11:55 AM,"Friday, October 2",2 hr 25 min,Nonstop,8102,2026-10-02
IndiGo,DEL,Indira Gandhi International Airport,10:15 AM,"Friday, October 2",BOM,Chhatrapati Shivaji Maharaj International Airport Mumbai,12:35 PM,"Friday, October 2",2 hr 20 min,Nonstop,8102,2026-10-02
Akasa Air,DEL,Indira Gandhi International Airport,10:00 AM,"Friday, October 2",BOM,Chhatrapati Shivaji Maharaj International Airport Mumbai,12:20 PM,"Friday, October 2",2 hr 20 min,Nonstop,8419,2026-10-02
Akasa Air,DEL,Indira Gandhi International Airport,8:40 AM,"Friday, October 2",BOM,Chhatrapati Shivaji Maharaj International Airport Mumbai,11:05 AM,"Friday, October 2",2 hr 25 min,Nonstop,8877,2026-10-02
