scrape_timestamp,horizon,horizon_days,travel_date,origin,destination,airline,departure_time,arrival_time,duration_mins,stops,price_inr,source_portal,duration
2026-10-05T10:44:21.083332,t+1,1,2026-10-06,DEL,HYD,Air India,11:00 PM,1:20 AM+1,140,0,8816.0,GoogleFlights-Aggregator,2 hr 20 min
2026-10-05T10:44:21.083332,t+1,1,2026-10-06,DEL,HYD,Air India,10:00 PM,12:20 AM+1,140,0,8816.0,GoogleFlights-Aggregator,2 hr 20 min
2026-10-05T10:44:21.083332,t+1,1,2026-10-06,DEL,HYD,IndiGo,1:30 PM,3:45 PM,135,0,8874.0,GoogleFlights-Aggregator,2 hr 15 min
2026-10-05T10:44:21.083332,t+1,1,2026-10-06,DEL,HYD,IndiGo,2:25 AM,4:40 AM,135,0,8874.0,GoogleFlights-Aggregator,2 hr 15 min
2026-10-05T10:44:21.083332,t+1,1,2026-10-06,DEL,HYD,IndiGo,5:30 AM,7:50 AM,140,0,8874.0,GoogleFlights-Aggregator,2 hr 20 min
2026-10-05T10:44:21.083332,t+1,1,2026-10-06,DEL,HYD,IndiGo,11:45 AM,2:00 PM,135,0,8874.0,GoogleFlights-Aggregator,2 hr 15 min
2026-10-05T10:44:21.083332,t+1,1,2026-10-06,DEL,HYD,IndiGo,2:45 PM,5:05 PM,140,0,8874.0,GoogleFlights-Aggregator,2 hr 20 min
2026-10-05T10:44:21.083332,t+1,1,2026-10-06,DEL,HYD,IndiGo,4:15 PM,6:30 PM,135,0,8874.0,GoogleFlights-Aggregator,2 hr 15 min
2026-10-05T10:44:21.083332,t+1,1,2026-10-06,DEL,HYD,IndiGo,5:55 PM,8:15 PM,140,0,8874.0,GoogleFlights-Aggregator,2 hr 20 min
2026-10-05T10:44:21.083332,t+1,1,2026-10-06,DEL,HYD,IndiGo,7:45 PM,10:05 PM,140,0,8874.0,GoogleFlights-Aggregator,2 hr 20 min
2026-10-05T10:44:21.083332,t+1,1,2026-10-06,DEL,HYD,IndiGo,9:00 PM,11:15 PM,135,0,8874.0,GoogleFlights-Aggregator,2 hr 15 min
2026-10-05T10:44:21.083332,t+1,1,2026-10-06,DEL,HYD,IndiGo,11:15 PM,1:30 AM+1,135,0,8874.0,GoogleFlights-Aggregator,2 hr 15 min
2026-10-05T10:44:21.083332,t+1,1,2026-10-06,DEL,HYD,Air India,2:00 AM,4:20 AM,140,0,8932.0,GoogleFlights-Aggregator,2 hr 20 min
2026-10-05T10:44:21.083332,t+1,1,2026-10-06,DEL,HYD,Air India,12:30 PM,2:45 PM,135,0,8932.0,GoogleFlights-Aggregator,2 hr 15 min
2026-10-05T10:44:21.083332,t+1,1,2026-10-06,DEL,HYD,Air India,3:30 PM,5:55 PM,145,0,8932.0,GoogleFlights-Aggregator,2 hr 25 min
2026-10-05T10:44:21.083332,t+1,1,2026-10-06,DEL,HYD,Air India,6:00 PM,8:20 PM,140,0,8932.0,GoogleFlights-Aggregator,2 hr 20 min
2026-10-05T10:44:21.083332,t+1,1,2026-10-06,DEL,HYD,Air India,8:30 PM,10:50 PM,140,0,8932.0,GoogleFlights-Aggregator,2 hr 20 min
2026-10-05T10:44:21.083332,t+1,1,2026-10-06,DEL,HYD,Akasa Air,2:10 PM,4:30 PM,140,0,9200.0,GoogleFlights-Aggregator,2 hr 20 min
2026-10-05T10:44:21.083332,t+1,1,2026-10-06,DEL,HYD,Akasa Air,8:40 PM,11:10 PM,150,0,9200.0,GoogleFlights-Aggregator,2 hr 30 min
2026-10-05T10:44:21.083332,t+1,1,2026-10-06,DEL,HYD,Air India,2:30 PM,4:40 PM,130,0,9231.0,GoogleFlights-Aggregator,2 hr 10 min
2026-10-05T10:44:21.083332,t+1,1,2026-10-06,DEL,HYD,IndiGo,9:55 AM,12:20 PM,145,0,9350.0,GoogleFlights-Aggregator,2 hr 25 min
2026-10-05T10:44:21.083332,t+1,1,2026-10-06,DEL,HYD,Air India,10:30 AM,12:50 PM,140,0,9404.0,GoogleFlights-Aggregator,2 hr 20 min
2026-10-05T10:44:21.083332,t+1,1,2026-10-06,DEL,HYD,IndiGo,8:30 AM,10:45 AM,135,0,9856.0,GoogleFlights-Aggregator,2 hr 15 min
2026-10-05T10:44:21.083332,t+1,1,2026-10-06,DEL,HYD,Air India,7:00 AM,9:20 AM,140,0,11630.0,GoogleFlights-Aggregator,2 hr 20 min
2026-10-05T10:44:21.083332,t+1,1,2026-10-06,DEL,HYD,Air India,9:40 AM,12:00 PM,140,0,22440.0,GoogleFlights-Aggregator,2 hr 20 min
2026-10-05T10:44:30.267433,t+7,7,2026-10-12,DEL,HYD,IndiGo,1:30 PM,3:45 PM,135,0,8874.0,GoogleFlights-Aggregator,2 hr 15 min
2026-10-05T10:44:30.267433,t+7,7,2026-10-12,DEL,HYD,IndiGo,2:25 AM,4:40 AM,135,0,8874.0,GoogleFlights-Aggregator,2 hr 15 min
2026-10-05T10:44:30.267433,t+7,7,2026-10-12,DEL,HYD,IndiGo,5:30 AM,7:50 AM,140,0,8874.0,GoogleFlights-Aggregator,2 hr 20 min
2026-10-05T10:44:30.267433,t+7,7,2026-10-12,DEL,HYD,IndiGo,11:45 AM,2:00 PM,135,0,8874.0,GoogleFlights-Aggregator,2 hr 15 min
2026-10-05T10:44:30.267433,t+7,7,2026-10-12,DEL,HYD,IndiGo,2:45 PM,5:05 PM,140,0,8874.0,GoogleFlights-Aggregator,2 hr 20 min
2026-10-05T10:44:30.267433,t+7,7,2026-10-12,DEL,HYD,IndiGo,4:15 PM,6:30 PM,135,0,8874.0,GoogleFlights-Aggregator,2 hr 15 min
2026-10-05T10:44:30.267433,t+7,7,2026-10-12,DEL,HYD,Akasa Air,2:10 PM,4:30 PM,140,0,8888.0,GoogleFlights-Aggregator,2 hr 20 min
2026-10-05T10:44:30.267433,t+7,7,2026-10-12,DEL,HYD,Air India,3:30 PM,5:55 PM,145,0,8932.0,GoogleFlights-Aggregator,2 hr 25 min
2026-10-05T10:44:30.267433,t+7,7,2026-10-12,DEL,HYD,Air India,2:00 AM,4:20 AM,140,0,8932.0,GoogleFlights-Aggregator,2 hr 20 min
2026-10-05T10:44:30.267433,t+7,7,2026-10-12,DEL,HYD,Air India,2:30 PM,4:40 PM,130,0,9231.0,GoogleFlights-Aggregator,2 hr 10 min
2026-10-05T10:44:30.267433,t+7,7,2026-10-12,DEL,HYD,IndiGo,9:00 PM,11:15 PM,135,0,9350.0,GoogleFlights-Aggregator,2 hr 15 min
2026-10-05T10:44:30.267433,t+7,7,2026-10-12,DEL,HYD,Air India,12:30 PM,2:45 PM,135,0,9404.0,GoogleFlights-Aggregator,2 hr 15 min
2026-10-05T10:44:30.267433,t+7,7,2026-10-12,DEL,HYD,IndiGo,8:30 AM,10:45 AM,135,0,9856.0,GoogleFlights-Aggregator,2 hr 15 min
2026-10-05T10:44:30.267433,t+7,7,2026-10-12,DEL,HYD,IndiGo,9:55 AM,12:20 PM,145,0,9856.0,GoogleFlights-Aggregator,2 hr 25 min
2026-10-05T10:44:30.267433,t+7,7,2026-10-12,DEL,HYD,IndiGo,11:15 PM,1:30 AM+1,135,0,9856.0,GoogleFlights-Aggregator,2 hr 15 min
2026-10-05T10:44:30.267433,t+7,7,2026-10-12,DEL,HYD,Air India,9:40 AM,12:00 PM,140,0,9914.0,GoogleFlights-Aggregator,2 hr 20 min
2026-10-05T10:44:30.267433,t+7,7,2026-10-12,DEL,HYD,Air India,10:00 PM,12:20 AM+1,140,0,9914.0,GoogleFlights-Aggregator,2 hr 20 min
2026-10-05T10:44:30.267433,t+7,7,2026-10-12,DEL,HYD,Air India,11:00 PM,1:20 AM+1,140,0,9914.0,GoogleFlights-Aggregator,2 hr 20 min
2026-10-05T10:44:30.267433,t+7,7,2026-10-12,DEL,HYD,Akasa Air,8:40 PM,11:10 PM,150,0,10401.0,GoogleFlights-Aggregator,2 hr 30 min
2026-10-05T10:44:30.267433,t+7,7,2026-10-12,DEL,HYD,Air India,6:00 PM,8:20 PM,140,0,10449.0,GoogleFlights-Aggregator,2 hr 20 min
2026-10-05T10:44:30.267433,t+7,7,2026-10-12,DEL,HYD,Air India,8:30 PM,10:50 PM,140,0,10449.0,GoogleFlights-Aggregator,2 hr 20 min
2026-10-05T10:44:30.267433,t+7,7,2026-10-12,DEL,HYD,IndiGo,7:45 PM,10:05 PM,140,0,11574.0,GoogleFlights-Aggregator,2 hr 20 min
2026-10-05T10:44:30.267433,t+7,7,2026-10-12,DEL,HYD,IndiGo,7:10 AM,9:20 AM,130,0,12221.0,GoogleFlights-Aggregator,2 hr 10 min
2026-10-05T10:44:30.267433,t+7,7,2026-10-12,DEL,HYD,Air India,7:00 AM,9:20 AM,140,0,12822.0,GoogleFlights-Aggregator,2 hr 20 min
2026-10-05T10:44:30.267433,t+7,7,2026-10-12,DEL,HYD,IndiGo,5:55 PM,8:15 PM,140,0,15241.0,GoogleFlights-Aggregator,2 hr 20 min
2026-10-05T10:44:39.874207,t+15,15,2026-10-20,DEL,HYD,IndiGo,11:45 AM,2:00 PM,135,0,8877.0,GoogleFlights-Aggregator,2 hr 15 min
2026-10-05T10:44:39.874207,t+15,15,2026-10-20,DEL,HYD,IndiGo,7:45 PM,10:05 PM,140,0,8877.0,GoogleFlights-Aggregator,2 hr 20 min
2026-10-05T10:44:39.874207,t+15,15,2026-10-20,DEL,HYD,IndiGo,5:30 AM,7:50 AM,140,0,8877.0,GoogleFlights-Aggregator,2 hr 20 min
2026-10-05T10:44:39.874207,t+15,15,2026-10-20,DEL,HYD,IndiGo,7:10 AM,9:20 AM,130,0,8877.0,GoogleFlights-Aggregator,2 hr 10 min
2026-10-05T10:44:39.874207,t+15,15,2026-10-20,DEL,HYD,IndiGo,8:30 AM,10:45 AM,135,0,9352.0,GoogleFlights-Aggregator,2 hr 15 min
2026-10-05T10:44:39.874207,t+15,15,2026-10-20,DEL,HYD,IndiGo,9:55 AM,12:20 PM,145,0,9352.0,GoogleFlights-Aggregator,2 hr 25 min
2026-10-05T10:44:39.874207,t+15,15,2026-10-20,DEL,HYD,Air India,12:30 PM,2:45 PM,135,0,9914.0,GoogleFlights-Aggregator,2 hr 15 min
2026-10-05T10:44:39.874207,t+15,15,2026-10-20,DEL,HYD,Air India,2:00 AM,4:20 AM,140,0,9914.0,GoogleFlights-Aggregator,2 hr 20 min
2026-10-05T10:44:39.874207,t+15,15,2026-10-20,DEL,HYD,Air India,7:00 AM,9:20 AM,140,0,9914.0,GoogleFlights-Aggregator,2 hr 20 min
2026-10-05T10:44:39.874207,t+15,15,2026-10-20,DEL,HYD,Air India,9:40 AM,12:00 PM,140,0,9914.0,GoogleFlights-Aggregator,2 hr 20 min
2026-10-05T10:44:39.874207,t+15,15,2026-10-20,DEL,HYD,Air India,11:00 PM,1:20 AM+1,140,0,9914.0,GoogleFlights-Aggregator,2 hr 20 min
2026-10-05T10:44:39.874207,t+15,15,2026-10-20,DEL,HYD,IndiGo,1:30 PM,3:45 PM,135,0,10397.0,GoogleFlights-Aggregator,2 hr 15 min
2026-10-05T10:44:39.874207,t+15,15,2026-10-20,DEL,HYD,Akasa Air,8:40 PM,11:10 PM,150,0,10401.0,GoogleFlights-Aggregator,2 hr 30 min
2026-10-05T10:44:39.874207,t+15,15,2026-10-20,DEL,HYD,Air India,10:30 AM,12:50 PM,140,0,10449.0,GoogleFlights-Aggregator,2 hr 20 min
2026-10-05T10:44:39.874207,t+15,15,2026-10-20,DEL,HYD,Air India,3:30 PM,5:55 PM,145,0,10449.0,GoogleFlights-Aggregator,2 hr 25 min
2026-10-05T10:44:39.874207,t+15,15,2026-10-20,DEL,HYD,Air India,10:00 PM,12:20 AM+1,140,0,10449.0,GoogleFlights-Aggregator,2 hr 20 min
2026-10-05T10:44:39.874207,t+15,15,2026-10-20,DEL,HYD,Air India,2:30 PM,4:40 PM,130,0,10811.0,GoogleFlights-Aggregator,2 hr 10 min
2026-10-05T10:44:39.874207,t+15,15,2026-10-20,DEL,HYD,IndiGo,2:45 PM,5:05 PM,140,0,10968.0,GoogleFlights-Aggregator,2 hr 20 min
2026-10-05T10:44:39.874207,t+15,15,2026-10-20,DEL,HYD,Akasa Air,2:10 PM,4:30 PM,140,0,11165.0,GoogleFlights-Aggregator,2 hr 20 min
2026-10-05T10:44:39.874207,t+15,15,2026-10-20,DEL,HYD,IndiGo,4:15 PM,6:30 PM,135,0,11576.0,GoogleFlights-Aggregator,2 hr 15 min
2026-10-05T10:44:39.874207,t+15,15,2026-10-20,DEL,HYD,IndiGo,9:00 PM,11:15 PM,135,0,11576.0,GoogleFlights-Aggregator,2 hr 15 min
2026-10-05T10:44:39.874207,t+15,15,2026-10-20,DEL,HYD,IndiGo,11:15 PM,1:30 AM+1,135,0,12223.0,GoogleFlights-Aggregator,2 hr 15 min
2026-10-05T10:44:39.874207,t+15,15,2026-10-20,DEL,HYD,Air India,6:00 PM,8:20 PM,140,0,14203.0,GoogleFlights-Aggregator,2 hr 20 min
2026-10-05T10:44:39.874207,t+15,15,2026-10-20,DEL,HYD,IndiGo,2:25 AM,4:40 AM,135,0,15243.0,GoogleFlights-Aggregator,2 hr 15 min
2026-10-05T10:44:39.874207,t+15,15,2026-10-20,DEL,HYD,IndiGo,5:55 PM,8:15 PM,140,0,15243.0,GoogleFlights-Aggregator,2 hr 20 min
2026-10-05T10:44:49.483516,t+30,30,2026-11-04,DEL,HYD,IndiGo,1:30 PM,3:45 PM,135,0,9858.0,GoogleFlights-Aggregator,2 hr 15 min
2026-10-05T10:44:49.483516,t+30,30,2026-11-04,DEL,HYD,IndiGo,2:25 AM,4:40 AM,135,0,9858.0,GoogleFlights-Aggregator,2 hr 15 min
2026-10-05T10:44:49.483516,t+30,30,2026-11-04,DEL,HYD,IndiGo,5:15 AM,7:30 AM,135,0,9858.0,GoogleFlights-Aggregator,2 hr 15 min
2026-10-05T10:44:49.483516,t+30,30,2026-11-04,DEL,HYD,IndiGo,8:30 AM,10:45 AM,135,0,9858.0,GoogleFlights-Aggregator,2 hr 15 min
2026-10-05T10:44:49.483516,t+30,30,2026-11-04,DEL,HYD,IndiGo,10:00 AM,12:15 PM,135,0,9858.0,GoogleFlights-Aggregator,2 hr 15 min
2026-10-05T10:44:49.483516,t+30,30,2026-11-04,DEL,HYD,IndiGo,11:45 AM,2:00 PM,135,0,9858.0,GoogleFlights-Aggregator,2 hr 15 min
2026-10-05T10:44:49.483516,t+30,30,2026-11-04,DEL,HYD,IndiGo,2:50 PM,5:05 PM,135,0,9858.0,GoogleFlights-Aggregator,2 hr 15 min
2026-10-05T10:44:49.483516,t+30,30,2026-11-04,DEL,HYD,IndiGo,7:45 PM,10:00 PM,135,0,9858.0,GoogleFlights-Aggregator,2 hr 15 min
2026-10-05T10:44:49.483516,t+30,30,2026-11-04,DEL,HYD,Air India,7:30 PM,9:45 PM,135,0,9966.0,GoogleFlights-Aggregator,2 hr 15 min
2026-10-05T10:44:49.483516,t+30,30,2026-11-04,DEL,HYD,Air India,9:40 AM,11:55 AM,135,0,9966.0,GoogleFlights-Aggregator,2 hr 15 min
2026-10-05T10:44:49.483516,t+30,30,2026-11-04,DEL,HYD,Air India,11:00 AM,1:15 PM,135,0,9966.0,GoogleFlights-Aggregator,2 hr 15 min
2026-10-05T10:44:49.483516,t+30,30,2026-11-04,DEL,HYD,Air India,12:30 PM,2:45 PM,135,0,9966.0,GoogleFlights-Aggregator,2 hr 15 min
2026-10-05T10:44:49.483516,t+30,30,2026-11-04,DEL,HYD,Air India,3:30 PM,5:45 PM,135,0,9966.0,GoogleFlights-Aggregator,2 hr 15 min
2026-10-05T10:44:49.483516,t+30,30,2026-11-04,DEL,HYD,Akasa Air,2:20 PM,4:45 PM,145,0,10040.0,GoogleFlights-Aggregator,2 hr 25 min
2026-10-05T10:44:49.483516,t+30,30,2026-11-04,DEL,HYD,Air India,2:30 PM,4:45 PM,135,0,10307.0,GoogleFlights-Aggregator,2 hr 15 min
2026-10-05T10:44:49.483516,t+30,30,2026-11-04,DEL,HYD,IndiGo,6:30 AM,8:45 AM,135,0,10397.0,GoogleFlights-Aggregator,2 hr 15 min
2026-10-05T10:44:49.483516,t+30,30,2026-11-04,DEL,HYD,IndiGo,4:15 PM,6:30 PM,135,0,10397.0,GoogleFlights-Aggregator,2 hr 15 min
2026-10-05T10:44:49.483516,t+30,30,2026-11-04,DEL,HYD,IndiGo,6:15 PM,8:30 PM,135,0,10397.0,GoogleFlights-Aggregator,2 hr 15 min
2026-10-05T10:44:49.483516,t+30,30,2026-11-04,DEL,HYD,IndiGo,9:00 PM,11:15 PM,135,0,10397.0,GoogleFlights-Aggregator,2 hr 15 min
2026-10-05T10:44:49.483516,t+30,30,2026-11-04,DEL,HYD,Air India,7:00 AM,9:15 AM,135,0,10502.0,GoogleFlights-Aggregator,2 hr 15 min
2026-10-05T10:44:49.483516,t+30,30,2026-11-04,DEL,HYD,Air India,6:00 PM,8:15 PM,135,0,10502.0,GoogleFlights-Aggregator,2 hr 15 min
2026-10-05T10:44:49.483516,t+30,30,2026-11-04,DEL,HYD,Air India,10:00 PM,12:15 AM+1,135,0,10502.0,GoogleFlights-Aggregator,2 hr 15 min
2026-10-05T10:44:49.483516,t+30,30,2026-11-04,DEL,HYD,Akasa Air,8:35 PM,10:55 PM,140,0,10586.0,GoogleFlights-Aggregator,2 hr 20 min
2026-10-05T10:44:49.483516,t+30,30,2026-11-04,DEL,HYD,Air India,11:00 PM,1:15 AM+1,135,0,11683.0,GoogleFlights-Aggregator,2 hr 15 min
2026-10-05T10:44:49.483516,t+30,30,2026-11-04,DEL,HYD,IndiGo,10:30 PM,12:45 AM+1,135,0,12223.0,GoogleFlights-Aggregator,2 hr 15 min
