id,scrape_timestamp,booking_date,travel_date,advance_window,lead_time_days,origin,destination,sector,carrier,departure_time,arrival_time,duration_mins,duration_str,stops,stops_count,fare_class,total_fare,source_portal,created_at
44,2026-09-24T15:21:26.782664,2026-09-24,2026-09-25,T+1,1,DEL,BOM,DEL-BOM,SpiceJet,7:55 PM,10:40 PM,165,2 hr 45 min,Nonstop,0,Economy,10976.0,Aggregator/GoogleFlights,2026-09-24 09:51:45
260,2026-09-24T15:23:35.943065,2026-09-24,2026-09-25,T+1,1,DEL,BOM,DEL-BOM,IndiGo,8:00 PM,10:10 PM,130,2 hr 10 min,Nonstop,0,Economy,10044.0,Aggregator/GoogleFlights,2026-09-24 09:53:55
47,2026-09-24T15:21:26.782664,2026-09-24,2026-09-25,T+1,1,DEL,BOM,DEL-BOM,IndiGo,6:00 PM,8:15 PM,135,2 hr 15 min,Nonstop,0,Economy,12459.0,Aggregator/GoogleFlights,2026-09-24 09:51:45
46,2026-09-24T15:21:26.782664,2026-09-24,2026-09-25,T+1,1,DEL,BOM,DEL-BOM,IndiGo,8:00 PM,10:10 PM,130,2 hr 10 min,Nonstop,0,Economy,11094.0,Aggregator/GoogleFlights,2026-09-24 09:51:45
45,2026-09-24T15:21:26.782664,2026-09-24,2026-09-25,T+1,1,DEL,BOM,DEL-BOM,IndiGo,7:00 PM,9:25 PM,145,2 hr 25 min,Nonstop,0,Economy,11094.0,Aggregator/GoogleFlights,2026-09-24 09:51:45
42,2026-09-24T15:21:26.782664,2026-09-24,2026-09-25,T+1,1,DEL,BOM,DEL-BOM,IndiGo,8:45 PM,11:00 PM,135,2 hr 15 min,Nonstop,0,Economy,10044.0,Aggregator/GoogleFlights,2026-09-24 09:51:45
39,2026-09-24T15:21:26.782664,2026-09-24,2026-09-25,T+1,1,DEL,BOM,DEL-BOM,IndiGo,9:45 PM,12:05 AM,140,2 hr 20 min,Nonstop,0,Economy,8574.0,Aggregator/GoogleFlights,2026-09-24 09:51:45
30,2026-09-24T15:21:26.782664,2026-09-24,2026-09-25,T+1,1,DEL,BOM,DEL-BOM,IndiGo,10:45 PM,1:05 AM,140,2 hr 20 min,Nonstop,0,Economy,6695.0,Aggregator/GoogleFlights,2026-09-24 09:51:45
27,2026-09-24T15:21:26.782664,2026-09-24,2026-09-25,T+1,1,DEL,BOM,DEL-BOM,IndiGo,11:30 PM,1:45 AM,135,2 hr 15 min,Nonstop,0,Economy,6527.0,Aggregator/GoogleFlights,2026-09-24 09:51:45
26,2026-09-24T15:21:26.782664,2026-09-24,2026-09-25,T+1,1,DEL,BOM,DEL-BOM,IndiGo,5:00 PM,7:15 PM,135,2 hr 15 min,Nonstop,0,Economy,6527.0,Aggregator/GoogleFlights,2026-09-24 09:51:45
25,2026-09-24T15:21:26.782664,2026-09-24,2026-09-25,T+1,1,DEL,BOM,DEL-BOM,IndiGo,8:45 AM,11:00 AM,135,2 hr 15 min,Nonstop,0,Economy,6527.0,Aggregator/GoogleFlights,2026-09-24 09:51:45
24,2026-09-24T15:21:26.782664,2026-09-24,2026-09-25,T+1,1,DEL,BOM,DEL-BOM,IndiGo,4:15 PM,6:35 PM,140,2 hr 20 min,Nonstop,0,Economy,6474.0,Aggregator/GoogleFlights,2026-09-24 09:51:45
23,2026-09-24T15:21:26.782664,2026-09-24,2026-09-25,T+1,1,DEL,BOM,DEL-BOM,IndiGo,3:30 PM,5:45 PM,135,2 hr 15 min,Nonstop,0,Economy,6474.0,Aggregator/GoogleFlights,2026-09-24 09:51:45
22,2026-09-24T15:21:26.782664,2026-09-24,2026-09-25,T+1,1,DEL,BOM,DEL-BOM,IndiGo,2:45 PM,5:00 PM,135,2 hr 15 min,Nonstop,0,Economy,6474.0,Aggregator/GoogleFlights,2026-09-24 09:51:45
21,2026-09-24T15:21:26.782664,2026-09-24,2026-09-25,T+1,1,DEL,BOM,DEL-BOM,IndiGo,2:00 PM,4:25 PM,145,2 hr 25 min,Nonstop,0,Economy,6474.0,Aggregator/GoogleFlights,2026-09-24 09:51:45
20,2026-09-24T15:21:26.782664,2026-09-24,2026-09-25,T+1,1,DEL,BOM,DEL-BOM,IndiGo,12:00 PM,2:15 PM,135,2 hr 15 min,Nonstop,0,Economy,6474.0,Aggregator/GoogleFlights,2026-09-24 09:51:45
19,2026-09-24T15:21:26.782664,2026-09-24,2026-09-25,T+1,1,DEL,BOM,DEL-BOM,IndiGo,11:00 AM,1:15 PM,135,2 hr 15 min,Nonstop,0,Economy,6474.0,Aggregator/GoogleFlights,2026-09-24 09:51:45
18,2026-09-24T15:21:26.782664,2026-09-24,2026-09-25,T+1,1,DEL,BOM,DEL-BOM,IndiGo,10:15 AM,12:35 PM,140,2 hr 20 min,Nonstop,0,Economy,6474.0,Aggregator/GoogleFlights,2026-09-24 09:51:45
17,2026-09-24T15:21:26.782664,2026-09-24,2026-09-25,T+1,1,DEL,BOM,DEL-BOM,IndiGo,9:30 AM,11:55 AM,145,2 hr 25 min,Nonstop,0,Economy,6474.0,Aggregator/GoogleFlights,2026-09-24 09:51:45
16,2026-09-24T15:21:26.782664,2026-09-24,2026-09-25,T+1,1,DEL,BOM,DEL-BOM,IndiGo,8:00 AM,10:20 AM,140,2 hr 20 min,Nonstop,0,Economy,6474.0,Aggregator/GoogleFlights,2026-09-24 09:51:45
15,2026-09-24T15:21:26.782664,2026-09-24,2026-09-25,T+1,1,DEL,BOM,DEL-BOM,IndiGo,7:15 AM,9:30 AM,135,2 hr 15 min,Nonstop,0,Economy,6474.0,Aggregator/GoogleFlights,2026-09-24 09:51:45
14,2026-09-24T15:21:26.782664,2026-09-24,2026-09-25,T+1,1,DEL,BOM,DEL-BOM,IndiGo,6:05 AM,8:20 AM,135,2 hr 15 min,Nonstop,0,Economy,6474.0,Aggregator/GoogleFlights,2026-09-24 09:51:45
13,2026-09-24T15:21:26.782664,2026-09-24,2026-09-25,T+1,1,DEL,BOM,DEL-BOM,IndiGo,5:00 AM,7:15 AM,135,2 hr 15 min,Nonstop,0,Economy,6474.0,Aggregator/GoogleFlights,2026-09-24 09:51:45
2,2026-09-24T15:21:26.782664,2026-09-24,2026-09-25,T+1,1,DEL,BOM,DEL-BOM,IndiGo,1:00 PM,3:10 PM,130,2 hr 10 min,Nonstop,0,Economy,6474.0,Aggregator/GoogleFlights,2026-09-24 09:51:45
43,2026-09-24T15:21:26.782664,2026-09-24,2026-09-25,T+1,1,DEL,BOM,DEL-BOM,Akasa Air,5:30 PM,7:45 PM,135,2 hr 15 min,Nonstop,0,Economy,10801.0,Aggregator/GoogleFlights,2026-09-24 09:51:45
40,2026-09-24T15:21:26.782664,2026-09-24,2026-09-25,T+1,1,DEL,BOM,DEL-BOM,Akasa Air,7:55 PM,10:20 PM,145,2 hr 25 min,Nonstop,0,Economy,9873.0,Aggregator/GoogleFlights,2026-09-24 09:51:45
37,2026-09-24T15:21:26.782664,2026-09-24,2026-09-25,T+1,1,DEL,BOM,DEL-BOM,Akasa Air,4:00 PM,6:20 PM,140,2 hr 20 min,Nonstop,0,Economy,6880.0,Aggregator/GoogleFlights,2026-09-24 09:51:45
36,2026-09-24T15:21:26.782664,2026-09-24,2026-09-25,T+1,1,DEL,BOM,DEL-BOM,Akasa Air,12:30 PM,2:55 PM,145,2 hr 25 min,Nonstop,0,Economy,6880.0,Aggregator/GoogleFlights,2026-09-24 09:51:45
35,2026-09-24T15:21:26.782664,2026-09-24,2026-09-25,T+1,1,DEL,BOM,DEL-BOM,Akasa Air,9:20 AM,11:40 AM,140,2 hr 20 min,Nonstop,0,Economy,6880.0,Aggregator/GoogleFlights,2026-09-24 09:51:45
34,2026-09-24T15:21:26.782664,2026-09-24,2026-09-25,T+1,1,DEL,BOM,DEL-BOM,Akasa Air,8:40 AM,11:05 AM,145,2 hr 25 min,Nonstop,0,Economy,6880.0,Aggregator/GoogleFlights,2026-09-24 09:51:45
33,2026-09-24T15:21:26.782664,2026-09-24,2026-09-25,T+1,1,DEL,BOM,DEL-BOM,Akasa Air,6:50 AM,9:10 AM,140,2 hr 20 min,Nonstop,0,Economy,6880.0,Aggregator/GoogleFlights,2026-09-24 09:51:45
4,2026-09-24T15:21:26.782664,2026-09-24,2026-09-25,T+1,1,DEL,BOM,DEL-BOM,Akasa Air,10:30 AM,12:45 PM,135,2 hr 15 min,Nonstop,0,Economy,6880.0,Aggregator/GoogleFlights,2026-09-24 09:51:45
250,2026-09-24T15:23:35.943065,2026-09-24,2026-09-25,T+1,1,DEL,BOM,DEL-BOM,Air India,9:30 AM,12:00 PM,150,2 hr 30 min,Nonstop,0,Economy,6792.0,Aggregator/GoogleFlights,2026-09-24 09:53:55
245,2026-09-24T15:23:35.943065,2026-09-24,2026-09-25,T+1,1,DEL,BOM,DEL-BOM,Air India,8:30 AM,10:45 AM,135,2 hr 15 min,Nonstop,0,Economy,6582.0,Aggregator/GoogleFlights,2026-09-24 09:53:55
52,2026-09-24T15:21:26.782664,2026-09-24,2026-09-25,T+1,1,DEL,BOM,DEL-BOM,Air India,7:30 PM,9:55 PM,145,2 hr 25 min,Nonstop,0,Economy,21434.0,Aggregator/GoogleFlights,2026-09-24 09:51:45
51,2026-09-24T15:21:26.782664,2026-09-24,2026-09-25,T+1,1,DEL,BOM,DEL-BOM,Air India,6:00 PM,8:25 PM,145,2 hr 25 min,Nonstop,0,Economy,17350.0,Aggregator/GoogleFlights,2026-09-24 09:51:45
50,2026-09-24T15:21:26.782664,2026-09-24,2026-09-25,T+1,1,DEL,BOM,DEL-BOM,Air India,8:30 PM,11:05 PM,155,2 hr 35 min,Nonstop,0,Economy,16583.0,Aggregator/GoogleFlights,2026-09-24 09:51:45
49,2026-09-24T15:21:26.782664,2026-09-24,2026-09-25,T+1,1,DEL,BOM,DEL-BOM,Air India,9:30 PM,11:55 PM,145,2 hr 25 min,Nonstop,0,Economy,12887.0,Aggregator/GoogleFlights,2026-09-24 09:51:45
48,2026-09-24T15:21:26.782664,2026-09-24,2026-09-25,T+1,1,DEL,BOM,DEL-BOM,Air India,9:00 PM,11:20 PM,140,2 hr 20 min,Nonstop,0,Economy,12887.0,Aggregator/GoogleFlights,2026-09-24 09:51:45
41,2026-09-24T15:21:26.782664,2026-09-24,2026-09-25,T+1,1,DEL,BOM,DEL-BOM,Air India,11:00 PM,1:25 AM,145,2 hr 25 min,Nonstop,0,Economy,9968.0,Aggregator/GoogleFlights,2026-09-24 09:51:45
38,2026-09-24T15:21:26.782664,2026-09-24,2026-09-25,T+1,1,DEL,BOM,DEL-BOM,Air India,9:30 AM,12:00 PM,150,2 hr 30 min,Nonstop,0,Economy,7055.0,Aggregator/GoogleFlights,2026-09-24 09:51:45
32,2026-09-24T15:21:26.782664,2026-09-24,2026-09-25,T+1,1,DEL,BOM,DEL-BOM,Air India,11:25 PM,1:50 AM,145,2 hr 25 min,Nonstop,0,Economy,6831.0,Aggregator/GoogleFlights,2026-09-24 09:51:45
31,2026-09-24T15:21:26.782664,2026-09-24,2026-09-25,T+1,1,DEL,BOM,DEL-BOM,Air India,7:00 AM,9:25 AM,145,2 hr 25 min,Nonstop,0,Economy,6792.0,Aggregator/GoogleFlights,2026-09-24 09:51:45
29,2026-09-24T15:21:26.782664,2026-09-24,2026-09-25,T+1,1,DEL,BOM,DEL-BOM,Air India,5:00 PM,7:25 PM,145,2 hr 25 min,Nonstop,0,Economy,6582.0,Aggregator/GoogleFlights,2026-09-24 09:51:45
28,2026-09-24T15:21:26.782664,2026-09-24,2026-09-25,T+1,1,DEL,BOM,DEL-BOM,Air India,11:00 AM,1:25 PM,145,2 hr 25 min,Nonstop,0,Economy,6582.0,Aggregator/GoogleFlights,2026-09-24 09:51:45
12,2026-09-24T15:21:26.782664,2026-09-24,2026-09-25,T+1,1,DEL,BOM,DEL-BOM,Air India,4:30 PM,6:50 PM,140,2 hr 20 min,Nonstop,0,Economy,6425.0,Aggregator/GoogleFlights,2026-09-24 09:51:45
11,2026-09-24T15:21:26.782664,2026-09-24,2026-09-25,T+1,1,DEL,BOM,DEL-BOM,Air India,4:00 PM,6:25 PM,145,2 hr 25 min,Nonstop,0,Economy,6425.0,Aggregator/GoogleFlights,2026-09-24 09:51:45
10,2026-09-24T15:21:26.782664,2026-09-24,2026-09-25,T+1,1,DEL,BOM,DEL-BOM,Air India,3:30 PM,5:55 PM,145,2 hr 25 min,Nonstop,0,Economy,6425.0,Aggregator/GoogleFlights,2026-09-24 09:51:45
9,2026-09-24T15:21:26.782664,2026-09-24,2026-09-25,T+1,1,DEL,BOM,DEL-BOM,Air India,1:30 PM,3:50 PM,140,2 hr 20 min,Nonstop,0,Economy,6425.0,Aggregator/GoogleFlights,2026-09-24 09:51:45
8,2026-09-24T15:21:26.782664,2026-09-24,2026-09-25,T+1,1,DEL,BOM,DEL-BOM,Air India,12:00 PM,2:25 PM,145,2 hr 25 min,Nonstop,0,Economy,6425.0,Aggregator/GoogleFlights,2026-09-24 09:51:45
7,2026-09-24T15:21:26.782664,2026-09-24,2026-09-25,T+1,1,DEL,BOM,DEL-BOM,Air India,8:30 AM,10:45 AM,135,2 hr 15 min,Nonstop,0,Economy,6425.0,Aggregator/GoogleFlights,2026-09-24 09:51:45
6,2026-09-24T15:21:26.782664,2026-09-24,2026-09-25,T+1,1,DEL,BOM,DEL-BOM,Air India,6:30 AM,8:50 AM,140,2 hr 20 min,Nonstop,0,Economy,6425.0,Aggregator/GoogleFlights,2026-09-24 09:51:45
5,2026-09-24T15:21:26.782664,2026-09-24,2026-09-25,T+1,1,DEL,BOM,DEL-BOM,Air India,5:00 AM,7:20 AM,140,2 hr 20 min,Nonstop,0,Economy,6314.0,Aggregator/GoogleFlights,2026-09-24 09:51:45
3,2026-09-24T15:21:26.782664,2026-09-24,2026-09-25,T+1,1,DEL,BOM,DEL-BOM,Air India,5:35 AM,8:05 AM,150,2 hr 30 min,Nonstop,0,Economy,6610.0,Aggregator/GoogleFlights,2026-09-24 09:51:45
1,2026-09-24T15:21:26.782664,2026-09-24,2026-09-25,T+1,1,DEL,BOM,DEL-BOM,Air India,2:10 PM,4:30 PM,140,2 hr 20 min,Nonstop,0,Economy,6425.0,Aggregator/GoogleFlights,2026-09-24 09:51:45
154,2026-09-24T15:21:45.226188,2026-09-24,2026-10-01,T+7,7,DEL,BOM,DEL-BOM,SpiceJet,10:30 PM,1:10 AM,160,2 hr 40 min,Nonstop,0,Economy,8251.0,Aggregator/GoogleFlights,2026-09-24 09:52:04
148,2026-09-24T15:21:45.226188,2026-09-24,2026-10-01,T+7,7,DEL,BOM,DEL-BOM,SpiceJet,7:55 PM,10:40 PM,165,2 hr 45 min,Nonstop,0,Economy,7827.0,Aggregator/GoogleFlights,2026-09-24 09:52:04
156,2026-09-24T15:21:45.226188,2026-09-24,2026-10-01,T+7,7,DEL,BOM,DEL-BOM,IndiGo,8:00 PM,10:10 PM,130,2 hr 10 min,Nonstop,0,Economy,8522.0,Aggregator/GoogleFlights,2026-09-24 09:52:04
153,2026-09-24T15:21:45.226188,2026-09-24,2026-10-01,T+7,7,DEL,BOM,DEL-BOM,IndiGo,9:45 PM,12:05 AM,140,2 hr 20 min,Nonstop,0,Economy,8102.0,Aggregator/GoogleFlights,2026-09-24 09:52:04
152,2026-09-24T15:21:45.226188,2026-09-24,2026-10-01,T+7,7,DEL,BOM,DEL-BOM,IndiGo,8:45 PM,11:00 PM,135,2 hr 15 min,Nonstop,0,Economy,8102.0,Aggregator/GoogleFlights,2026-09-24 09:52:04
151,2026-09-24T15:21:45.226188,2026-09-24,2026-10-01,T+7,7,DEL,BOM,DEL-BOM,IndiGo,7:00 PM,9:25 PM,145,2 hr 25 min,Nonstop,0,Economy,8102.0,Aggregator/GoogleFlights,2026-09-24 09:52:04
142,2026-09-24T15:21:45.226188,2026-09-24,2026-10-01,T+7,7,DEL,BOM,DEL-BOM,IndiGo,6:00 PM,8:15 PM,135,2 hr 15 min,Nonstop,0,Economy,7419.0,Aggregator/GoogleFlights,2026-09-24 09:52:04
139,2026-09-24T15:21:45.226188,2026-09-24,2026-10-01,T+7,7,DEL,BOM,DEL-BOM,IndiGo,11:30 PM,1:45 AM,135,2 hr 15 min,Nonstop,0,Economy,7104.0,Aggregator/GoogleFlights,2026-09-24 09:52:04
138,2026-09-24T15:21:45.226188,2026-09-24,2026-10-01,T+7,7,DEL,BOM,DEL-BOM,IndiGo,10:45 PM,1:05 AM,140,2 hr 20 min,Nonstop,0,Economy,7104.0,Aggregator/GoogleFlights,2026-09-24 09:52:04
137,2026-09-24T15:21:45.226188,2026-09-24,2026-10-01,T+7,7,DEL,BOM,DEL-BOM,IndiGo,5:00 PM,7:15 PM,135,2 hr 15 min,Nonstop,0,Economy,7104.0,Aggregator/GoogleFlights,2026-09-24 09:52:04
136,2026-09-24T15:21:45.226188,2026-09-24,2026-10-01,T+7,7,DEL,BOM,DEL-BOM,IndiGo,1:00 PM,3:10 PM,130,2 hr 10 min,Nonstop,0,Economy,7104.0,Aggregator/GoogleFlights,2026-09-24 09:52:04
135,2026-09-24T15:21:45.226188,2026-09-24,2026-10-01,T+7,7,DEL,BOM,DEL-BOM,IndiGo,12:00 PM,2:15 PM,135,2 hr 15 min,Nonstop,0,Economy,7104.0,Aggregator/GoogleFlights,2026-09-24 09:52:04
134,2026-09-24T15:21:45.226188,2026-09-24,2026-10-01,T+7,7,DEL,BOM,DEL-BOM,IndiGo,11:00 AM,1:15 PM,135,2 hr 15 min,Nonstop,0,Economy,7104.0,Aggregator/GoogleFlights,2026-09-24 09:52:04
120,2026-09-24T15:21:45.226188,2026-09-24,2026-10-01,T+7,7,DEL,BOM,DEL-BOM,IndiGo,4:15 PM,6:35 PM,140,2 hr 20 min,Nonstop,0,Economy,6474.0,Aggregator/GoogleFlights,2026-09-24 09:52:04
119,2026-09-24T15:21:45.226188,2026-09-24,2026-10-01,T+7,7,DEL,BOM,DEL-BOM,IndiGo,3:30 PM,5:45 PM,135,2 hr 15 min,Nonstop,0,Economy,6474.0,Aggregator/GoogleFlights,2026-09-24 09:52:04
118,2026-09-24T15:21:45.226188,2026-09-24,2026-10-01,T+7,7,DEL,BOM,DEL-BOM,IndiGo,2:00 PM,4:25 PM,145,2 hr 25 min,Nonstop,0,Economy,6474.0,Aggregator/GoogleFlights,2026-09-24 09:52:04
117,2026-09-24T15:21:45.226188,2026-09-24,2026-10-01,T+7,7,DEL,BOM,DEL-BOM,IndiGo,10:15 AM,12:35 PM,140,2 hr 20 min,Nonstop,0,Economy,6474.0,Aggregator/GoogleFlights,2026-09-24 09:52:04
116,2026-09-24T15:21:45.226188,2026-09-24,2026-10-01,T+7,7,DEL,BOM,DEL-BOM,IndiGo,9:30 AM,11:55 AM,145,2 hr 25 min,Nonstop,0,Economy,6474.0,Aggregator/GoogleFlights,2026-09-24 09:52:04
115,2026-09-24T15:21:45.226188,2026-09-24,2026-10-01,T+7,7,DEL,BOM,DEL-BOM,IndiGo,8:45 AM,11:00 AM,135,2 hr 15 min,Nonstop,0,Economy,6474.0,Aggregator/GoogleFlights,2026-09-24 09:52:04
114,2026-09-24T15:21:45.226188,2026-09-24,2026-10-01,T+7,7,DEL,BOM,DEL-BOM,IndiGo,8:00 AM,10:20 AM,140,2 hr 20 min,Nonstop,0,Economy,6474.0,Aggregator/GoogleFlights,2026-09-24 09:52:04
113,2026-09-24T15:21:45.226188,2026-09-24,2026-10-01,T+7,7,DEL,BOM,DEL-BOM,IndiGo,7:15 AM,9:30 AM,135,2 hr 15 min,Nonstop,0,Economy,6474.0,Aggregator/GoogleFlights,2026-09-24 09:52:04
112,2026-09-24T15:21:45.226188,2026-09-24,2026-10-01,T+7,7,DEL,BOM,DEL-BOM,IndiGo,6:05 AM,8:20 AM,135,2 hr 15 min,Nonstop,0,Economy,6474.0,Aggregator/GoogleFlights,2026-09-24 09:52:04
111,2026-09-24T15:21:45.226188,2026-09-24,2026-10-01,T+7,7,DEL,BOM,DEL-BOM,IndiGo,5:00 AM,7:15 AM,135,2 hr 15 min,Nonstop,0,Economy,6474.0,Aggregator/GoogleFlights,2026-09-24 09:52:04
110,2026-09-24T15:21:45.226188,2026-09-24,2026-10-01,T+7,7,DEL,BOM,DEL-BOM,IndiGo,3:00 AM,5:20 AM,140,2 hr 20 min,Nonstop,0,Economy,6474.0,Aggregator/GoogleFlights,2026-09-24 09:52:04
109,2026-09-24T15:21:45.226188,2026-09-24,2026-10-01,T+7,7,DEL,BOM,DEL-BOM,IndiGo,12:55 AM,3:10 AM,135,2 hr 15 min,Nonstop,0,Economy,6474.0,Aggregator/GoogleFlights,2026-09-24 09:52:04
106,2026-09-24T15:21:45.226188,2026-09-24,2026-10-01,T+7,7,DEL,BOM,DEL-BOM,IndiGo,2:45 PM,5:00 PM,135,2 hr 15 min,Nonstop,0,Economy,6474.0,Aggregator/GoogleFlights,2026-09-24 09:52:04
157,2026-09-24T15:21:45.226188,2026-09-24,2026-10-01,T+7,7,DEL,BOM,DEL-BOM,Akasa Air,7:55 PM,10:20 PM,145,2 hr 25 min,Nonstop,0,Economy,9360.0,Aggregator/GoogleFlights,2026-09-24 09:52:04
146,2026-09-24T15:21:45.226188,2026-09-24,2026-10-01,T+7,7,DEL,BOM,DEL-BOM,Akasa Air,5:30 PM,7:50 PM,140,2 hr 20 min,Nonstop,0,Economy,7716.0,Aggregator/GoogleFlights,2026-09-24 09:52:04
130,2026-09-24T15:21:45.226188,2026-09-24,2026-10-01,T+7,7,DEL,BOM,DEL-BOM,Akasa Air,10:00 AM,12:20 PM,140,2 hr 20 min,Nonstop,0,Economy,6880.0,Aggregator/GoogleFlights,2026-09-24 09:52:04
129,2026-09-24T15:21:45.226188,2026-09-24,2026-10-01,T+7,7,DEL,BOM,DEL-BOM,Akasa Air,8:40 AM,11:05 AM,145,2 hr 25 min,Nonstop,0,Economy,6880.0,Aggregator/GoogleFlights,2026-09-24 09:52:04
128,2026-09-24T15:21:45.226188,2026-09-24,2026-10-01,T+7,7,DEL,BOM,DEL-BOM,Akasa Air,6:50 AM,9:10 AM,140,2 hr 20 min,Nonstop,0,Economy,6880.0,Aggregator/GoogleFlights,2026-09-24 09:52:04
107,2026-09-24T15:21:45.226188,2026-09-24,2026-10-01,T+7,7,DEL,BOM,DEL-BOM,Akasa Air,4:00 PM,6:20 PM,140,2 hr 20 min,Nonstop,0,Economy,6880.0,Aggregator/GoogleFlights,2026-09-24 09:52:04
161,2026-09-24T15:21:45.226188,2026-09-24,2026-10-01,T+7,7,DEL,BOM,DEL-BOM,Air India,7:00 PM,9:25 PM,145,2 hr 25 min,Nonstop,0,Economy,10845.0,Aggregator/GoogleFlights,2026-09-24 09:52:04
160,2026-09-24T15:21:45.226188,2026-09-24,2026-10-01,T+7,7,DEL,BOM,DEL-BOM,Air India,9:00 PM,11:20 PM,140,2 hr 20 min,Nonstop,0,Economy,9968.0,Aggregator/GoogleFlights,2026-09-24 09:52:04
159,2026-09-24T15:21:45.226188,2026-09-24,2026-10-01,T+7,7,DEL,BOM,DEL-BOM,Air India,8:30 PM,11:00 PM,150,2 hr 30 min,Nonstop,0,Economy,9968.0,Aggregator/GoogleFlights,2026-09-24 09:52:04
158,2026-09-24T15:21:45.226188,2026-09-24,2026-10-01,T+7,7,DEL,BOM,DEL-BOM,Air India,8:00 PM,10:25 PM,145,2 hr 25 min,Nonstop,0,Economy,9905.0,Aggregator/GoogleFlights,2026-09-24 09:52:04
155,2026-09-24T15:21:45.226188,2026-09-24,2026-10-01,T+7,7,DEL,BOM,DEL-BOM,Air India,9:30 PM,11:55 PM,145,2 hr 25 min,Nonstop,0,Economy,8257.0,Aggregator/GoogleFlights,2026-09-24 09:52:04
150,2026-09-24T15:21:45.226188,2026-09-24,2026-10-01,T+7,7,DEL,BOM,DEL-BOM,Air India,10:00 PM,12:25 AM,145,2 hr 25 min,Nonstop,0,Economy,8052.0,Aggregator/GoogleFlights,2026-09-24 09:52:04
149,2026-09-24T15:21:45.226188,2026-09-24,2026-10-01,T+7,7,DEL,BOM,DEL-BOM,Air India,1:30 PM,3:50 PM,140,2 hr 20 min,Nonstop,0,Economy,8052.0,Aggregator/GoogleFlights,2026-09-24 09:52:04
147,2026-09-24T15:21:45.226188,2026-09-24,2026-10-01,T+7,7,DEL,BOM,DEL-BOM,Air India,6:00 PM,8:25 PM,145,2 hr 25 min,Nonstop,0,Economy,7753.0,Aggregator/GoogleFlights,2026-09-24 09:52:04
145,2026-09-24T15:21:45.226188,2026-09-24,2026-10-01,T+7,7,DEL,BOM,DEL-BOM,Air India,5:00 PM,7:25 PM,145,2 hr 25 min,Nonstop,0,Economy,7685.0,Aggregator/GoogleFlights,2026-09-24 09:52:04
144,2026-09-24T15:21:45.226188,2026-09-24,2026-10-01,T+7,7,DEL,BOM,DEL-BOM,Air India,6:30 AM,8:50 AM,140,2 hr 20 min,Nonstop,0,Economy,7685.0,Aggregator/GoogleFlights,2026-09-24 09:52:04
143,2026-09-24T15:21:45.226188,2026-09-24,2026-10-01,T+7,7,DEL,BOM,DEL-BOM,Air India,11:25 PM,1:50 AM,145,2 hr 25 min,Nonstop,0,Economy,7656.0,Aggregator/GoogleFlights,2026-09-24 09:52:04
141,2026-09-24T15:21:45.226188,2026-09-24,2026-10-01,T+7,7,DEL,BOM,DEL-BOM,Air India,11:00 AM,1:25 PM,145,2 hr 25 min,Nonstop,0,Economy,7370.0,Aggregator/GoogleFlights,2026-09-24 09:52:04
140,2026-09-24T15:21:45.226188,2026-09-24,2026-10-01,T+7,7,DEL,BOM,DEL-BOM,Air India,10:00 AM,12:25 PM,145,2 hr 25 min,Nonstop,0,Economy,7370.0,Aggregator/GoogleFlights,2026-09-24 09:52:04
133,2026-09-24T15:21:45.226188,2026-09-24,2026-10-01,T+7,7,DEL,BOM,DEL-BOM,Air India,11:00 PM,1:25 AM,145,2 hr 25 min,Nonstop,0,Economy,7055.0,Aggregator/GoogleFlights,2026-09-24 09:52:04
132,2026-09-24T15:21:45.226188,2026-09-24,2026-10-01,T+7,7,DEL,BOM,DEL-BOM,Air India,12:00 PM,2:25 PM,145,2 hr 25 min,Nonstop,0,Economy,7055.0,Aggregator/GoogleFlights,2026-09-24 09:52:04
131,2026-09-24T15:21:45.226188,2026-09-24,2026-10-01,T+7,7,DEL,BOM,DEL-BOM,Air India,5:50 PM,8:10 PM,140,2 hr 20 min,Nonstop,0,Economy,7041.0,Aggregator/GoogleFlights,2026-09-24 09:52:04
127,2026-09-24T15:21:45.226188,2026-09-24,2026-10-01,T+7,7,DEL,BOM,DEL-BOM,Air India,9:00 AM,11:15 AM,135,2 hr 15 min,Nonstop,0,Economy,6792.0,Aggregator/GoogleFlights,2026-09-24 09:52:04
126,2026-09-24T15:21:45.226188,2026-09-24,2026-10-01,T+7,7,DEL,BOM,DEL-BOM,Air India,7:30 AM,9:55 AM,145,2 hr 25 min,Nonstop,0,Economy,6792.0,Aggregator/GoogleFlights,2026-09-24 09:52:04
125,2026-09-24T15:21:45.226188,2026-09-24,2026-10-01,T+7,7,DEL,BOM,DEL-BOM,Air India,7:00 AM,9:25 AM,145,2 hr 25 min,Nonstop,0,Economy,6792.0,Aggregator/GoogleFlights,2026-09-24 09:52:04
124,2026-09-24T15:21:45.226188,2026-09-24,2026-10-01,T+7,7,DEL,BOM,DEL-BOM,Air India,4:00 PM,6:25 PM,145,2 hr 25 min,Nonstop,0,Economy,6582.0,Aggregator/GoogleFlights,2026-09-24 09:52:04
123,2026-09-24T15:21:45.226188,2026-09-24,2026-10-01,T+7,7,DEL,BOM,DEL-BOM,Air India,3:30 PM,5:55 PM,145,2 hr 25 min,Nonstop,0,Economy,6582.0,Aggregator/GoogleFlights,2026-09-24 09:52:04
122,2026-09-24T15:21:45.226188,2026-09-24,2026-10-01,T+7,7,DEL,BOM,DEL-BOM,Air India,2:10 PM,4:35 PM,145,2 hr 25 min,Nonstop,0,Economy,6582.0,Aggregator/GoogleFlights,2026-09-24 09:52:04
121,2026-09-24T15:21:45.226188,2026-09-24,2026-10-01,T+7,7,DEL,BOM,DEL-BOM,Air India,8:30 AM,10:45 AM,135,2 hr 15 min,Nonstop,0,Economy,6582.0,Aggregator/GoogleFlights,2026-09-24 09:52:04
108,2026-09-24T15:21:45.226188,2026-09-24,2026-10-01,T+7,7,DEL,BOM,DEL-BOM,Air India,9:30 AM,12:00 PM,150,2 hr 30 min,Nonstop,0,Economy,6425.0,Aggregator/GoogleFlights,2026-09-24 09:52:04
105,2026-09-24T15:21:45.226188,2026-09-24,2026-10-01,T+7,7,DEL,BOM,DEL-BOM,Air India,5:00 AM,7:25 AM,145,2 hr 25 min,Nonstop,0,Economy,6314.0,Aggregator/GoogleFlights,2026-09-24 09:52:04
